Year,Rk,Squad,MP,Wins,Draws,Losses,GF,GA,GD,Pts,GF_pMP,GA_pMP,GD_pMP,Pts_pMP,xG,xGA,xGD,xGD_p90,Attendance,Topscore,Topscore_pMP
2022,1,Manchester City,38,29,6,3,99,26,73,93,2.605263158,0.6842105263,1.921052632,2.45,89,27.2,61.90,1.63,52774,15,0.3947368421
2022,2,Liverpool,38,28,8,2,94,26,68,92,2.473684211,0.6842105263,1.789473684,2.42,89.2,34.2,55.00,1.45,53352,23,0.6052631579
2022,3,Chelsea,38,21,11,6,76,33,43,74,2,0.8684210526,1.131578947,1.95,67.2,36,31.30,0.82,36443,11,0.2894736842
2022,4,Tottenham,38,22,5,11,69,40,29,71,1.815789474,1.052631579,0.7631578947,1.87,65.1,39.4,25.80,0.68,56523,23,0.6052631579
2022,5,Arsel,38,22,3,13,61,48,13,69,1.605263158,1.263157895,0.3421052632,1.82,59.9,47.1,12.80,0.34,59665,11,0.2894736842
2022,6,Manchester Utd,38,16,10,12,57,57,0,58,1.5,1.5,0,1.53,54.8,54.5,0.30,0.01,73150,18,0.4736842105
2022,7,West Ham,38,16,8,14,60,51,9,56,1.578947368,1.342105263,0.2368421053,1.47,49.9,51,-1.10,-0.03,58370,12,0.3157894737
2022,8,Leicester City,38,14,10,14,62,59,3,52,1.631578947,1.552631579,0.07894736842,1.37,50.8,61,-10.10,-0.27,32493,15,0.3947368421
2022,9,Brighton,38,12,15,11,42,44,-2,51,1.105263158,1.157894737,-0.05263157895,1.34,46,45.6,0.40,0.01,30966,8,0.2105263158
2022,10,Wolves,38,15,6,17,38,43,-5,51,1,1.131578947,-0.1315789474,1.34,35.9,60.3,-24.40,-0.64,30841,6,0.1578947368
2022,11,Newcastle Utd,38,13,10,15,44,62,-18,49,1.157894737,1.631578947,-0.4736842105,1.29,40.3,55.4,-15.20,-0.40,51487,8,0.2105263158
2022,12,Crystal Palace,38,11,15,12,50,46,4,48,1.315789474,1.210526316,0.1052631579,1.26,46.4,41,5.40,0.14,24588,14,0.3684210526
2022,13,Brentford,38,13,7,18,48,56,-8,46,1.263157895,1.473684211,-0.2105263158,1.21,47.8,49.1,-1.30,-0.03,16918,12,0.3157894737
2022,14,Aston Villa,38,13,6,19,52,54,-2,45,1.368421053,1.421052632,-0.05263157895,1.18,44,49.1,-5.10,-0.13,41681,11,0.2894736842
2022,15,Southampton,38,9,13,16,43,67,-24,40,1.131578947,1.763157895,-0.6315789474,1.05,46.8,58.6,-11.90,-0.31,30134,10,0.2631578947
2022,16,Everton,38,11,6,21,43,66,-23,39,1.131578947,1.736842105,-0.6052631579,1.03,42.8,54.5,-11.70,-0.31,38446,10,0.2631578947
2022,17,Leeds United,38,9,11,18,42,79,-37,38,1.105263158,2.078947368,-0.9736842105,1,47.2,70.1,-23.00,-0.60,36308,11,0.2894736842
2022,18,Burnley,38,7,14,17,34,53,-19,35,0.8947368421,1.394736842,-0.5,0.92,39,56.7,-17.70,-0.47,19278,9,0.2368421053
2022,19,Watford,38,6,5,27,34,77,-43,23,0.8947368421,2.026315789,-1.131578947,0.61,38.8,66.6,-27.80,-0.73,20614,10,0.2631578947
2022,20,Norwich City,38,5,7,26,23,84,-61,22,0.6052631579,2.210526316,-1.605263158,0.58,33.3,77,-43.60,-1.15,26836,11,0.2894736842
2021,1,Manchester City,38,27,5,6,83,32,51,86,2.184210526,0.8421052632,1.342105263,2.26,73.3,31.4,42.00,1.10,526,13,0.3421052632
2021,2,Manchester Utd,38,21,11,6,73,44,29,74,1.921052632,1.157894737,0.7631578947,1.95,60.2,42.2,18.00,0.47,526,18,0.4736842105
2021,3,Liverpool,38,20,9,9,68,42,26,69,1.789473684,1.105263158,0.6842105263,1.82,72.6,45.3,27.30,0.72,837,22,0.5789473684
2021,4,Chelsea,38,19,10,9,58,36,22,67,1.526315789,0.9473684211,0.5789473684,1.76,64,32.8,31.20,0.82,526,7,0.1842105263
2021,5,Leicester City,38,20,6,12,68,50,18,66,1.789473684,1.315789474,0.4736842105,1.74,56,47.7,8.30,0.22,421,15,0.3947368421
2021,6,West Ham,38,19,8,11,62,47,15,65,1.631578947,1.236842105,0.3947368421,1.71,53.9,48.3,5.60,0.15,632,10,0.2631578947
2021,7,Tottenham,38,18,8,12,68,45,23,62,1.789473684,1.184210526,0.6052631579,1.63,54.5,49.5,5.00,0.13,632,23,0.6052631579
2021,8,Arsel,38,18,7,13,55,39,16,61,1.447368421,1.026315789,0.4210526316,1.61,53.5,44.3,9.20,0.24,632,13,0.3421052632
2021,9,Leeds United,38,18,5,15,62,54,8,59,1.631578947,1.421052632,0.2105263158,1.55,57.5,62.9,-5.40,-0.14,421,17,0.4473684211
2021,10,Everton,38,17,8,13,47,48,-1,59,1.236842105,1.263157895,-0.02631578947,1.55,47.1,52,-4.90,-0.13,368,16,0.4210526316
2021,11,Aston Villa,38,16,7,15,55,46,9,55,1.447368421,1.210526316,0.2368421053,1.45,52.9,52.9,0.10,0.00,526,14,0.3684210526
2021,12,Newcastle Utd,38,12,9,17,46,62,-16,45,1.210526316,1.631578947,-0.4210526316,1.18,41,54,-13.00,-0.34,526,12,0.3157894737
2021,13,Wolves,38,12,9,17,36,52,-16,45,0.9473684211,1.368421053,-0.4210526316,1.18,39.9,45.8,-6.00,-0.16,237,5,0.1315789474
2021,14,Crystal Palace,38,12,8,18,41,66,-25,44,1.078947368,1.736842105,-0.6578947368,1.16,32.4,57.5,-25.00,-0.66,447,11,0.2894736842
2021,15,Southampton,38,12,7,19,47,68,-21,43,1.236842105,1.789473684,-0.5526315789,1.13,42.4,54.2,-11.80,-0.31,526,12,0.3157894737
2021,16,Brighton,38,9,14,15,40,46,-6,41,1.052631579,1.210526316,-0.1578947368,1.08,51.6,37.7,13.90,0.37,523,8,0.2105263158
2021,17,Burnley,38,10,9,19,33,55,-22,39,0.8684210526,1.447368421,-0.5789473684,1.03,39.9,57.6,-17.70,-0.47,178,12,0.3157894737
2021,18,Fulham,38,5,13,20,27,53,-26,28,0.7105263158,1.394736842,-0.6842105263,0.74,41.3,52.9,-11.70,-0.31,211,5,0.1315789474
2021,19,West Brom,38,5,11,22,35,76,-41,26,0.9210526316,2,-1.078947368,0.68,33.8,67.7,-34.00,-0.89,283,11,0.2894736842
2021,20,Sheffield Utd,38,7,2,29,20,63,-43,23,0.5263157895,1.657894737,-1.131578947,0.61,31.4,62.4,-31.00,-0.82,263,8,0.2105263158
2020,1,Liverpool,38,32,3,3,85,33,52,99,2.236842105,0.8684210526,1.368421053,2.61,71.5,40,31.50,0.83,41955,19,0.5
2020,2,Manchester City,38,26,3,9,102,35,67,81,2.684210526,0.9210526316,1.763157895,2.13,93.1,34.8,58.30,1.54,37097,20,0.5263157895
2020,3,Manchester Utd,38,18,12,8,66,36,30,66,1.736842105,0.9473684211,0.7894736842,1.74,59.4,37.4,22.00,0.58,57415,17,0.4473684211
2020,4,Chelsea,38,20,6,12,69,54,15,66,1.815789474,1.421052632,0.3947368421,1.74,66.6,37.8,28.70,0.76,32023,15,0.3947368421
2020,5,Leicester City,38,18,8,12,67,41,26,62,1.763157895,1.078947368,0.6842105263,1.63,61.6,44.5,17.10,0.45,25312,23,0.6052631579
2020,6,Tottenham,38,16,11,11,61,47,14,59,1.605263158,1.236842105,0.3684210526,1.55,46.1,52,-6.00,-0.16,43757,18,0.4736842105
2020,7,Wolves,38,15,14,9,51,40,11,59,1.342105263,1.052631579,0.2894736842,1.55,47.1,34.8,12.30,0.32,24758,17,0.4473684211
2020,8,Arsel,38,14,14,10,56,48,8,56,1.473684211,1.263157895,0.2105263158,1.47,49.2,56.6,-7.30,-0.19,47589,22,0.5789473684
2020,9,Sheffield Utd,38,14,12,12,39,39,0,54,1.026315789,1.026315789,0,1.42,41.5,47.9,-6.40,-0.17,24370,6,0.1578947368
2020,10,Burnley,38,15,9,14,43,50,-7,54,1.131578947,1.315789474,-0.1842105263,1.42,43.9,48.3,-4.40,-0.12,15995,14,0.3684210526
2020,11,Southampton,38,15,7,16,51,60,-9,52,1.342105263,1.578947368,-0.2368421053,1.37,53.9,53.1,0.80,0.02,23428,22,0.5789473684
2020,12,Everton,38,13,10,15,44,56,-12,49,1.157894737,1.473684211,-0.3157894737,1.29,49.3,48.4,0.90,0.02,28848,13,0.3421052632
2020,13,Newcastle Utd,38,11,11,16,38,58,-20,44,1,1.526315789,-0.5263157895,1.16,33.1,58.3,-25.20,-0.66,35551,6,0.1578947368
2020,14,Crystal Palace,38,11,10,17,31,50,-19,43,0.8157894737,1.315789474,-0.5,1.13,34,51.3,-17.30,-0.45,19784,9,0.2368421053
2020,15,Brighton,38,9,14,15,39,54,-15,41,1.026315789,1.421052632,-0.3947368421,1.08,41.2,54.5,-13.30,-0.35,22369,10,0.2631578947
2020,16,West Ham,38,10,9,19,49,62,-13,39,1.289473684,1.631578947,-0.3421052632,1.03,46.1,61,-14.80,-0.39,44155,10,0.2631578947
2020,17,Aston Villa,38,9,8,21,41,67,-26,35,1.078947368,1.763157895,-0.6842105263,0.92,40.1,65.9,-25.80,-0.68,28505,8,0.2105263158
2020,18,Bournemouth,38,9,7,22,40,65,-25,34,1.052631579,1.710526316,-0.6578947368,0.89,42.7,57.5,-14.90,-0.39,7745,8,0.2105263158
2020,19,Watford,38,8,10,20,36,64,-28,34,0.9473684211,1.684210526,-0.7368421053,0.89,45.1,57.3,-12.20,-0.32,15353,10,0.2631578947
2020,20,Norwich City,38,5,6,27,26,75,-49,21,0.6842105263,1.973684211,-1.289473684,0.55,38,61.9,-23.90,-0.63,19913,11,0.2894736842
2019,1,Manchester City,38,32,2,4,95,23,72,98,2.5,0.6052631579,1.894736842,2.58,84.6,25.1,59.50,1.57,54130,21,0.5526315789
2019,2,Liverpool,38,30,7,1,89,22,67,97,2.342105263,0.5789473684,1.763157895,2.55,75.5,31,44.50,1.17,52983,22,0.5789473684
2019,3,Chelsea,38,21,9,8,63,39,24,72,1.657894737,1.026315789,0.6315789474,1.89,58.9,35.7,23.30,0.61,40437,16,0.4210526316
2019,4,Tottenham,38,23,2,13,67,39,28,71,1.763157895,1.026315789,0.7368421053,1.87,58.5,45.9,12.70,0.33,54216,17,0.4473684211
2019,5,Arsel,38,21,7,10,73,51,22,70,1.921052632,1.342105263,0.5789473684,1.84,59,54.1,4.90,0.13,59899,22,0.5789473684
2019,6,Manchester Utd,38,19,9,10,65,54,11,66,1.710526316,1.421052632,0.2894736842,1.74,58.8,46.2,12.60,0.33,74498,13,0.3421052632
2019,7,Wolves,38,16,9,13,47,46,1,57,1.236842105,1.210526316,0.02631578947,1.5,48.2,38.7,9.50,0.25,31030,13,0.3421052632
2019,8,Everton,38,15,9,14,54,46,8,54,1.421052632,1.210526316,0.2105263158,1.42,48.3,47.5,0.80,0.02,39043,13,0.3421052632
2019,9,Leicester City,38,15,7,16,51,48,3,52,1.342105263,1.263157895,0.07894736842,1.37,49.6,45.5,4.00,0.11,31851,18,0.4736842105
2019,10,West Ham,38,15,7,16,52,55,-3,52,1.368421053,1.447368421,-0.07894736842,1.37,47.7,60.9,-13.20,-0.35,58336,10,0.2631578947
2019,11,Watford,38,14,8,16,52,59,-7,50,1.368421053,1.552631579,-0.1842105263,1.32,47.5,54.6,-7.10,-0.19,20016,10,0.2631578947
2019,12,Crystal Palace,38,14,7,17,51,53,-2,49,1.342105263,1.394736842,-0.05263157895,1.29,50.3,48.7,1.60,0.04,25455,12,0.3157894737
2019,13,Newcastle Utd,38,12,9,17,42,48,-6,45,1.105263158,1.263157895,-0.1578947368,1.18,38.8,52.8,-14.00,-0.37,51121,12,0.3157894737
2019,14,Bournemouth,38,13,6,19,56,70,-14,45,1.473684211,1.842105263,-0.3684210526,1.18,54.2,55.6,-1.50,-0.04,10532,14,0.3684210526
2019,15,Burnley,38,11,7,20,45,68,-23,40,1.184210526,1.789473684,-0.6052631579,1.05,40.8,64.2,-23.40,-0.61,20534,12,0.3157894737
2019,16,Southampton,38,9,12,17,45,65,-20,39,1.184210526,1.710526316,-0.5263157895,1.03,47.5,55.7,-8.20,-0.22,30139,7,0.1842105263
2019,17,Brighton,38,9,9,20,35,60,-25,36,0.9210526316,1.578947368,-0.6578947368,0.95,34.4,56.2,-21.80,-0.57,30426,13,0.3421052632
2019,18,Cardiff City,38,10,4,24,34,69,-35,34,0.8947368421,1.815789474,-0.9210526316,0.89,39.4,62.4,-23.10,-0.61,31408,5,0.1315789474
2019,19,Fulham,38,7,5,26,34,81,-47,26,0.8947368421,2.131578947,-1.236842105,0.68,38.8,66.5,-27.70,-0.73,24371,11,0.2894736842
2019,20,Huddersfield,38,3,7,28,22,76,-54,16,0.5789473684,2,-1.421052632,0.42,29.5,62.9,-33.50,-0.88,23203,3,0.07894736842
2018,1,Manchester City,38,32,4,2,106,27,79,100,2.789473684,0.7105263158,2.078947368,2.63,86.4,22.8,63.60,1.67,54070,21,0.5526315789
2018,2,Manchester Utd,38,25,6,7,68,28,40,81,1.789473684,0.7368421053,1.052631579,2.13,60.7,41.7,18.90,0.50,74976,16,0.4210526316
2018,3,Tottenham,38,23,8,7,74,36,38,77,1.947368421,0.9473684211,1,2.03,67.3,35,32.30,0.85,67953,30,0.7894736842
2018,4,Liverpool,38,21,12,5,84,38,46,75,2.210526316,1,1.210526316,1.97,72.8,34,38.80,1.02,53049,32,0.8421052632
2018,5,Chelsea,38,21,7,10,62,38,24,70,1.631578947,1,0.6315789474,1.84,57.9,35.3,22.70,0.60,41282,12,0.3157894737
2018,6,Arsel,38,19,6,13,74,51,23,63,1.947368421,1.342105263,0.6052631579,1.66,68.4,50.5,17.90,0.47,59323,14,0.3684210526
2018,7,Burnley,38,14,12,12,36,39,-3,54,0.9473684211,1.026315789,-0.07894736842,1.42,34.5,51.8,-17.20,-0.45,20688,10,0.2631578947
2018,8,Everton,38,13,10,15,44,58,-14,49,1.157894737,1.526315789,-0.3684210526,1.29,41.5,52.3,-10.90,-0.29,38797,10,0.2631578947
2018,9,Leicester City,38,12,11,15,56,60,-4,47,1.473684211,1.578947368,-0.1052631579,1.24,48.1,49.9,-1.80,-0.05,31583,20,0.5263157895
2018,10,Newcastle Utd,38,12,8,18,39,47,-8,44,1.026315789,1.236842105,-0.2105263158,1.16,45.3,53.4,-8.10,-0.21,51992,8,0.2105263158
2018,11,Crystal Palace,38,11,11,16,45,55,-10,44,1.184210526,1.447368421,-0.2631578947,1.16,56.1,50.6,5.50,0.14,25063,10,0.2631578947
2018,12,Bournemouth,38,11,11,16,45,61,-16,44,1.184210526,1.605263158,-0.4210526316,1.16,44.8,61.4,-16.60,-0.44,10641,8,0.2105263158
2018,13,West Ham,38,10,12,16,48,68,-20,42,1.263157895,1.789473684,-0.5263157895,1.11,39.8,59.3,-19.40,-0.51,56885,11,0.2894736842
2018,14,Watford,38,11,8,19,44,64,-20,41,1.157894737,1.684210526,-0.5263157895,1.08,47.4,57.9,-10.60,-0.28,20231,7,0.1842105263
2018,15,Brighton,38,9,13,16,34,54,-20,40,0.8947368421,1.421052632,-0.5263157895,1.05,37.2,52.6,-15.50,-0.41,30403,12,0.3157894737
2018,16,Huddersfield,38,9,10,19,28,58,-30,37,0.7368421053,1.526315789,-0.7894736842,0.97,31.7,55.2,-23.50,-0.62,24040,7,0.1842105263
2018,17,Southampton,38,7,15,16,37,56,-19,36,0.9736842105,1.473684211,-0.5,0.95,42.1,48.8,-6.70,-0.18,30794,7,0.1842105263
2018,18,Swansea City,38,8,9,21,28,56,-28,33,0.7368421053,1.473684211,-0.7368421053,0.87,30.5,59.5,-29.00,-0.76,20623,7,0.1842105263
2018,19,Stoke City,38,7,12,19,35,68,-33,33,0.9210526316,1.789473684,-0.8684210526,0.87,37.5,63.8,-26.20,-0.69,29280,8,0.2105263158
2018,20,West Brom,38,6,13,19,31,56,-25,31,0.8157894737,1.473684211,-0.6578947368,0.82,34.4,48.5,-14.10,-0.37,24520,7,0.1842105263
2017,1,Chelsea,38,30,3,5,85,33,52,93,2.236842105,0.8684210526,1.368421053,2.45,,,,,41508,20,0.5263157895
2017,2,Tottenham,38,26,8,4,86,26,60,86,2.263157895,0.6842105263,1.578947368,2.26,,,,,31639,29,0.7631578947
2017,3,Manchester City,38,23,9,6,80,39,41,78,2.105263158,1.026315789,1.078947368,2.05,,,,,54019,20,0.5263157895
2017,4,Liverpool,38,22,10,6,78,42,36,76,2.052631579,1.105263158,0.9473684211,2,,,,,53016,13,0.3421052632
2017,5,Arsel,38,23,6,9,77,44,33,75,2.026315789,1.157894737,0.8684210526,1.97,,,,,59957,24,0.6315789474
2017,6,Manchester Utd,38,18,15,5,54,29,25,69,1.421052632,0.7631578947,0.6578947368,1.82,,,,,75290,17,0.4473684211
2017,7,Everton,38,17,10,11,62,44,18,61,1.631578947,1.157894737,0.4736842105,1.61,,,,,39047,25,0.6578947368
2017,8,Southampton,38,12,10,16,41,48,-7,46,1.078947368,1.263157895,-0.1842105263,1.21,,,,,30936,7,0.1842105263
2017,9,Bournemouth,38,12,10,16,55,67,-12,46,1.447368421,1.763157895,-0.3157894737,1.21,,,,,11182,16,0.4210526316
2017,10,West Brom,38,12,9,17,43,51,-8,45,1.131578947,1.342105263,-0.2105263158,1.18,,,,,23876,8,0.2105263158
2017,11,West Ham,38,12,9,17,47,64,-17,45,1.236842105,1.684210526,-0.4473684211,1.18,,,,,56972,9,0.2368421053
2017,12,Leicester City,38,12,8,18,48,63,-15,44,1.263157895,1.657894737,-0.3947368421,1.16,,,,,31893,13,0.3421052632
2017,13,Stoke City,38,11,11,16,41,56,-15,44,1.078947368,1.473684211,-0.3947368421,1.16,,,,,27433,7,0.1842105263
2017,14,Crystal Palace,38,12,5,21,50,63,-13,41,1.315789474,1.657894737,-0.3421052632,1.08,,,,,25161,15,0.3947368421
2017,15,Swansea City,38,12,5,21,45,70,-25,41,1.184210526,1.842105263,-0.6578947368,1.08,,,,,20619,15,0.3947368421
2017,16,Burnley,38,11,7,20,39,55,-16,40,1.026315789,1.447368421,-0.4210526316,1.05,,,,,20558,10,0.2631578947
2017,17,Watford,38,11,7,20,40,68,-28,40,1.052631579,1.789473684,-0.7368421053,1.05,,,,,20571,10,0.2631578947
2017,18,Hull City,38,9,7,22,37,80,-43,34,0.9736842105,2.105263158,-1.131578947,0.89,,,,,20761,7,0.1842105263
2017,19,Middlesbrough,38,5,13,20,27,53,-26,28,0.7105263158,1.394736842,-0.6842105263,0.74,,,,,30449,9,0.2368421053
2017,20,Sunderland,38,6,6,26,29,69,-40,24,0.7631578947,1.815789474,-1.052631579,0.63,,,,,41287,15,0.3947368421
2016,1,Leicester City,38,23,12,3,68,36,32,81,1.789473684,0.9473684211,0.8421052632,2.13,,,,,31998,24,0.6315789474
2016,2,Arsel,38,20,11,7,65,36,29,71,1.710526316,0.9473684211,0.7631578947,1.87,,,,,59944,16,0.4210526316
2016,3,Tottenham,38,19,13,6,69,35,34,70,1.815789474,0.9210526316,0.8947368421,1.84,,,,,35776,25,0.6578947368
2016,4,Manchester City,38,19,9,10,71,41,30,66,1.868421053,1.078947368,0.7894736842,1.74,,,,,54041,24,0.6315789474
2016,5,Manchester Utd,38,19,9,10,49,35,14,66,1.289473684,0.9210526316,0.3684210526,1.74,,,,,75286,11,0.2894736842
2016,6,Southampton,38,18,9,11,59,41,18,63,1.552631579,1.078947368,0.4736842105,1.66,,,,,30751,11,0.2894736842
2016,7,West Ham,38,16,14,8,65,51,14,62,1.710526316,1.342105263,0.3684210526,1.63,,,,,34910,9,0.2368421053
2016,8,Liverpool,38,16,12,10,63,50,13,60,1.657894737,1.315789474,0.3421052632,1.58,,,,,43910,10,0.2631578947
2016,9,Stoke City,38,14,9,15,41,55,-14,51,1.078947368,1.447368421,-0.3684210526,1.34,,,,,27534,11,0.2894736842
2016,10,Chelsea,38,12,14,12,59,53,6,50,1.552631579,1.394736842,0.1578947368,1.32,,,,,41500,12,0.3157894737
2016,11,Everton,38,11,14,13,59,55,4,47,1.552631579,1.447368421,0.1052631579,1.24,,,,,38124,18,0.4736842105
2016,12,Swansea City,38,12,11,15,42,52,-10,47,1.105263158,1.368421053,-0.2631578947,1.24,,,,,20711,12,0.3157894737
2016,13,Watford,38,12,9,17,40,50,-10,45,1.052631579,1.315789474,-0.2631578947,1.18,,,,,20594,15,0.3947368421
2016,14,West Brom,38,10,13,15,34,48,-14,43,0.8947368421,1.263157895,-0.3684210526,1.13,,,,,24631,9,0.2368421053
2016,15,Crystal Palace,38,11,9,18,39,51,-12,42,1.026315789,1.342105263,-0.3157894737,1.11,,,,,24825,5,0.1315789474
2016,16,Bournemouth,38,11,9,18,45,67,-22,42,1.184210526,1.763157895,-0.5789473684,1.11,,,,,11189,6,0.1578947368
2016,17,Sunderland,38,9,12,17,48,62,-14,39,1.263157895,1.631578947,-0.3684210526,1.03,,,,,43071,15,0.3947368421
2016,18,Newcastle Utd,38,9,10,19,44,65,-21,37,1.157894737,1.710526316,-0.5526315789,0.97,,,,,49754,11,0.2894736842
2016,19,Norwich City,38,9,7,22,39,67,-28,34,1.026315789,1.763157895,-0.7368421053,0.89,,,,,26972,7,0.1842105263
2016,20,Aston Villa,38,3,8,27,27,76,-49,17,0.7105263158,2,-1.289473684,0.45,,,,,33690,7,0.1842105263
2015,1,Chelsea,38,26,9,3,73,32,41,87,1.921052632,0.8421052632,1.078947368,2.29,,,,,41546,20,0.5263157895
2015,2,Manchester City,38,24,7,7,83,38,45,79,2.184210526,1,1.184210526,2.08,,,,,45365,26,0.6842105263
2015,3,Arsel,38,22,9,7,71,36,35,75,1.868421053,0.9473684211,0.9210526316,1.97,,,,,59992,16,0.4210526316
2015,4,Manchester Utd,38,20,10,8,62,37,25,70,1.631578947,0.9736842105,0.6578947368,1.84,,,,,75335,12,0.3157894737
2015,5,Tottenham,38,19,7,12,58,53,5,64,1.526315789,1.394736842,0.1315789474,1.68,,,,,35728,21,0.5526315789
2015,6,Liverpool,38,18,8,12,52,48,4,62,1.368421053,1.263157895,0.1052631579,1.63,,,,,44659,9,0.2368421053
2015,7,Southampton,38,18,6,14,54,33,21,60,1.421052632,0.8684210526,0.5526315789,1.58,,,,,30741,12,0.3157894737
2015,8,Swansea City,38,16,8,14,46,49,-3,56,1.210526316,1.289473684,-0.07894736842,1.47,,,,,20555,9,0.2368421053
2015,9,Stoke City,38,15,9,14,48,45,3,54,1.263157895,1.184210526,0.07894736842,1.42,,,,,27081,11,0.2894736842
2015,10,Crystal Palace,38,13,9,16,47,51,-4,48,1.236842105,1.342105263,-0.1052631579,1.26,,,,,24421,7,0.1842105263
2015,11,Everton,38,12,11,15,48,50,-2,47,1.263157895,1.315789474,-0.05263157895,1.24,,,,,37406,10,0.2631578947
2015,12,West Ham,38,12,11,15,44,47,-3,47,1.157894737,1.236842105,-0.07894736842,1.24,,,,,34846,10,0.2631578947
2015,13,West Brom,38,11,11,16,38,51,-13,44,1,1.342105263,-0.3421052632,1.16,,,,,25064,14,0.3684210526
2015,14,Leicester City,38,11,8,19,46,55,-9,41,1.210526316,1.447368421,-0.2368421053,1.08,,,,,31693,11,0.2894736842
2015,15,Newcastle Utd,38,10,9,19,40,63,-23,39,1.052631579,1.657894737,-0.6052631579,1.03,,,,,50359,11,0.2894736842
2015,16,Sunderland,38,7,17,14,31,53,-22,38,0.8157894737,1.394736842,-0.5789473684,1,,,,,43157,5,0.1315789474
2015,17,Aston Villa,38,10,8,20,31,57,-26,38,0.8157894737,1.5,-0.6842105263,1,,,,,34133,13,0.3421052632
2015,18,Hull City,38,8,11,19,33,51,-18,35,0.8684210526,1.342105263,-0.4736842105,0.92,,,,,23557,8,0.2105263158
2015,19,Burnley,38,7,12,19,28,53,-25,33,0.7368421053,1.394736842,-0.6578947368,0.87,,,,,19131,11,0.2894736842
2015,20,QPR,38,8,6,24,42,73,-31,30,1.105263158,1.921052632,-0.8157894737,0.79,,,,,17809,18,0.4736842105
2014,1,Manchester City,38,27,5,6,102,37,65,86,2.684210526,0.9736842105,1.710526316,2.26,,,,,47075,20,0.5263157895
2014,2,Liverpool,38,26,6,6,101,50,51,84,2.657894737,1.315789474,1.342105263,2.21,,,,,44671,31,0.8157894737
2014,3,Chelsea,38,25,7,6,71,27,44,82,1.868421053,0.7105263158,1.157894737,2.16,,,,,41482,14,0.3684210526
2014,4,Arsel,38,24,7,7,68,41,27,79,1.789473684,1.078947368,0.7105263158,2.08,,,,,60013,16,0.4210526316
2014,5,Everton,38,21,9,8,61,39,22,72,1.605263158,1.026315789,0.5789473684,1.89,,,,,37732,15,0.3947368421
2014,6,Tottenham,38,21,6,11,55,51,4,69,1.447368421,1.342105263,0.1052631579,1.82,,,,,35808,11,0.2894736842
2014,7,Manchester Utd,38,19,7,12,64,43,21,64,1.684210526,1.131578947,0.5526315789,1.68,,,,,75207,17,0.4473684211
2014,8,Southampton,38,15,11,12,54,46,8,56,1.421052632,1.210526316,0.2105263158,1.47,,,,,30212,15,0.3947368421
2014,9,Stoke City,38,13,11,14,45,52,-7,50,1.184210526,1.368421053,-0.1842105263,1.32,,,,,26137,8,0.2105263158
2014,10,Newcastle Utd,38,15,4,19,43,59,-16,49,1.131578947,1.552631579,-0.4210526316,1.29,,,,,50395,14,0.3684210526
2014,11,Crystal Palace,38,13,6,19,33,48,-15,45,0.8684210526,1.263157895,-0.3947368421,1.18,,,,,24375,7,0.1842105263
2014,12,Swansea City,38,11,9,18,54,54,0,42,1.421052632,1.421052632,0,1.11,,,,,20407,16,0.4210526316
2014,13,West Ham,38,11,7,20,40,51,-11,40,1.052631579,1.342105263,-0.2894736842,1.05,,,,,34197,7,0.1842105263
2014,14,Sunderland,38,10,8,20,41,60,-19,38,1.078947368,1.578947368,-0.5,1,,,,,41090,8,0.2105263158
2014,15,Aston Villa,38,10,8,20,39,61,-22,38,1.026315789,1.605263158,-0.5789473684,1,,,,,36081,10,0.2631578947
2014,16,Hull City,38,10,7,21,38,53,-15,37,1,1.394736842,-0.3947368421,0.97,,,,,24117,5,0.1315789474
2014,17,West Brom,38,7,15,16,43,59,-16,36,1.131578947,1.552631579,-0.4210526316,0.95,,,,,25194,5,0.1315789474
2014,18,Norwich City,38,8,9,21,28,62,-34,33,0.7368421053,1.631578947,-0.8947368421,0.87,,,,,26805,6,0.1578947368
2014,19,Fulham,38,9,5,24,40,85,-45,32,1.052631579,2.236842105,-1.184210526,0.84,,,,,24977,7,0.1842105263
2014,20,Cardiff City,38,7,9,22,32,74,-42,30,0.8421052632,1.947368421,-1.105263158,0.79,,,,,27430,7,0.1842105263
2013,1,Manchester Utd,38,28,5,5,86,43,43,89,2.263157895,1.131578947,1.131578947,2.34,,,,,75530,26,0.6842105263
2013,2,Manchester City,38,23,9,6,66,34,32,78,1.736842105,0.8947368421,0.8421052632,2.05,,,,,46974,14,0.3684210526
2013,3,Chelsea,38,22,9,7,75,39,36,75,1.973684211,1.026315789,0.9473684211,1.97,,,,,41462,15,0.3947368421
2013,4,Arsel,38,21,10,7,72,37,35,73,1.894736842,0.9736842105,0.9210526316,1.92,,,,,60079,14,0.3684210526
2013,5,Tottenham,38,21,9,8,66,46,20,72,1.736842105,1.210526316,0.5263157895,1.89,,,,,36066,21,0.5526315789
2013,6,Everton,38,16,15,7,55,40,15,63,1.447368421,1.052631579,0.3947368421,1.66,,,,,36356,11,0.2894736842
2013,7,Liverpool,38,16,13,9,71,43,28,61,1.868421053,1.131578947,0.7368421053,1.61,,,,,44749,23,0.6052631579
2013,8,West Brom,38,14,7,17,53,57,-4,49,1.394736842,1.5,-0.1052631579,1.29,,,,,25202,17,0.4473684211
2013,9,Swansea City,38,11,13,14,47,51,-4,46,1.236842105,1.342105263,-0.1052631579,1.21,,,,,20476,18,0.4736842105
2013,10,West Ham,38,12,10,16,45,53,-8,46,1.184210526,1.394736842,-0.2105263158,1.21,,,,,34717,10,0.2631578947
2013,11,Norwich City,38,10,14,14,41,58,-17,44,1.078947368,1.526315789,-0.4473684211,1.16,,,,,26672,8,0.2105263158
2013,12,Fulham,38,11,10,17,50,60,-10,43,1.315789474,1.578947368,-0.2631578947,1.13,,,,,25423,15,0.3947368421
2013,13,Stoke City,38,9,15,14,34,45,-11,42,0.8947368421,1.184210526,-0.2894736842,1.11,,,,,26722,8,0.2105263158
2013,14,Southampton,38,9,14,15,49,60,-11,41,1.289473684,1.578947368,-0.2894736842,1.08,,,,,30855,15,0.3947368421
2013,15,Aston Villa,38,10,11,17,47,69,-22,41,1.236842105,1.815789474,-0.5789473684,1.08,,,,,35060,19,0.5
2013,16,Newcastle Utd,38,11,8,19,45,68,-23,41,1.184210526,1.789473684,-0.6052631579,1.08,,,,,50517,13,0.3421052632
2013,17,Sunderland,38,9,12,17,41,54,-13,39,1.078947368,1.421052632,-0.3421052632,1.03,,,,,40563,11,0.2894736842
2013,18,Wigan Athletic,38,9,9,20,47,73,-26,36,1.236842105,1.921052632,-0.6842105263,0.95,,,,,19359,11,0.2894736842
2013,19,Reading,38,6,10,22,43,73,-30,28,1.131578947,1.921052632,-0.7894736842,0.74,,,,,23862,12,0.3157894737
2013,20,QPR,38,4,13,21,30,60,-30,25,0.7894736842,1.578947368,-0.7894736842,0.66,,,,,17779,6,0.1578947368
2012,1,Manchester City,38,28,5,5,93,29,64,89,2.447368421,0.7631578947,1.684210526,2.34,,,,,47045,23,0.6052631579
2012,2,Manchester Utd,38,28,5,5,89,33,56,89,2.342105263,0.8684210526,1.473684211,2.34,,,,,75387,27,0.7105263158
2012,3,Arsel,38,21,7,10,74,49,25,70,1.947368421,1.289473684,0.6578947368,1.84,,,,,60000,30,0.7894736842
2012,4,Tottenham,38,20,9,9,66,41,25,69,1.736842105,1.078947368,0.6578947368,1.82,,,,,36036,17,0.4473684211
2012,5,Newcastle Utd,38,19,8,11,56,51,5,65,1.473684211,1.342105263,0.1315789474,1.71,,,,,49951,16,0.4210526316
2012,6,Chelsea,38,18,10,10,65,46,19,64,1.710526316,1.210526316,0.5,1.68,,,,,41484,11,0.2894736842
2012,7,Everton,38,15,11,12,50,40,10,56,1.315789474,1.052631579,0.2631578947,1.47,,,,,33228,9,0.2368421053
2012,8,Liverpool,38,14,10,14,47,40,7,52,1.236842105,1.052631579,0.1842105263,1.37,,,,,44253,11,0.2894736842
2012,9,Fulham,38,14,10,14,48,51,-3,52,1.263157895,1.342105263,-0.07894736842,1.37,,,,,25399,17,0.4473684211
2012,10,West Brom,38,13,8,17,45,52,-7,47,1.184210526,1.368421053,-0.1842105263,1.24,,,,,24770,10,0.2631578947
2012,11,Swansea City,38,12,11,15,44,51,-7,47,1.157894737,1.342105263,-0.1842105263,1.24,,,,,19946,12,0.3157894737
2012,12,Norwich City,38,12,11,15,52,66,-14,47,1.368421053,1.736842105,-0.3684210526,1.24,,,,,26606,15,0.3947368421
2012,13,Sunderland,38,11,12,15,45,46,-1,45,1.184210526,1.210526316,-0.02631578947,1.18,,,,,39047,8,0.2105263158
2012,14,Stoke City,38,11,12,15,36,53,-17,45,0.9473684211,1.394736842,-0.4473684211,1.18,,,,,27226,10,0.2631578947
2012,15,Wigan Athletic,38,11,10,17,42,62,-20,43,1.105263158,1.631578947,-0.5263157895,1.13,,,,,18634,7,0.1842105263
2012,16,Aston Villa,38,7,17,14,37,53,-16,38,0.9736842105,1.394736842,-0.4210526316,1,,,,,33883,9,0.2368421053
2012,17,QPR,38,10,7,21,43,66,-23,37,1.131578947,1.736842105,-0.6052631579,0.97,,,,,17295,8,0.2105263158
2012,18,Bolton,38,10,6,22,46,77,-31,36,1.210526316,2.026315789,-0.8157894737,0.95,,,,,23670,8,0.2105263158
2012,19,Blackburn,38,8,7,23,48,78,-30,31,1.263157895,2.052631579,-0.7894736842,0.82,,,,,22551,17,0.4473684211
2012,20,Wolves,38,5,10,23,40,82,-42,25,1.052631579,2.157894737,-1.105263158,0.66,,,,,25677,12,0.3157894737
2011,1,Manchester Utd,38,23,11,4,78,37,41,80,2.052631579,0.9736842105,1.078947368,2.11,,,,,75109,20,0.5263157895
2011,2,Chelsea,38,21,8,9,69,33,36,71,1.815789474,0.8684210526,0.9473684211,1.87,,,,,41435,13,0.3421052632
2011,3,Manchester City,38,21,8,9,60,33,27,71,1.578947368,0.8684210526,0.7105263158,1.87,,,,,45905,20,0.5263157895
2011,4,Arsel,38,19,11,8,72,43,29,68,1.894736842,1.131578947,0.7631578947,1.79,,,,,60025,18,0.4736842105
2011,5,Tottenham,38,16,14,8,55,46,9,62,1.447368421,1.210526316,0.2368421053,1.63,,,,,35704,13,0.3421052632
2011,6,Liverpool,38,17,7,14,59,44,15,58,1.552631579,1.157894737,0.3947368421,1.53,,,,,42820,13,0.3421052632
2011,7,Everton,38,13,15,10,51,45,6,54,1.342105263,1.184210526,0.1578947368,1.42,,,,,36039,9,0.2368421053
2011,8,Fulham,38,11,16,11,49,43,6,49,1.289473684,1.131578947,0.1578947368,1.29,,,,,25043,12,0.3157894737
2011,9,Aston Villa,38,12,12,14,48,59,-11,48,1.263157895,1.552631579,-0.2894736842,1.26,,,,,37194,9,0.2368421053
2011,10,Sunderland,38,12,11,15,45,56,-11,47,1.184210526,1.473684211,-0.2894736842,1.24,,,,,40011,10,0.2631578947
2011,11,West Brom,38,12,11,15,56,71,-15,47,1.473684211,1.868421053,-0.3947368421,1.24,,,,,24683,15,0.3947368421
2011,12,Newcastle Utd,38,11,13,14,56,57,-1,46,1.473684211,1.5,-0.02631578947,1.21,,,,,47718,12,0.3157894737
2011,13,Stoke City,38,13,7,18,46,48,-2,46,1.210526316,1.263157895,-0.05263157895,1.21,,,,,26858,9,0.2368421053
2011,14,Bolton,38,12,10,16,52,56,-4,46,1.368421053,1.473684211,-0.1052631579,1.21,,,,,22870,10,0.2631578947
2011,15,Blackburn,38,11,10,17,46,59,-13,43,1.210526316,1.552631579,-0.3421052632,1.13,,,,,25000,5,0.1315789474
2011,16,Wigan Athletic,38,9,15,14,40,61,-21,42,1.052631579,1.605263158,-0.5526315789,1.11,,,,,16812,9,0.2368421053
2011,17,Wolves,38,11,7,20,46,66,-20,40,1.210526316,1.736842105,-0.5263157895,1.05,,,,,27925,10,0.2631578947
2011,18,Birmingham City,38,8,15,15,37,58,-21,39,0.9736842105,1.526315789,-0.5526315789,1.03,,,,,25462,8,0.2105263158
2011,19,Blackpool,38,10,9,19,55,78,-23,39,1.447368421,2.052631579,-0.6052631579,1.03,,,,,15775,13,0.3421052632
2011,20,West Ham,38,7,12,19,43,70,-27,33,1.131578947,1.842105263,-0.7105263158,0.87,,,,,33492,7,0.1842105263
2010,1,Chelsea,38,27,5,6,103,32,71,86,2.710526316,0.8421052632,1.868421053,2.26,,,,,41423,29,0.7631578947
2010,2,Manchester Utd,38,27,4,7,86,28,58,85,2.263157895,0.7368421053,1.526315789,2.24,,,,,74864,26,0.6842105263
2010,3,Arsel,38,23,6,9,83,41,42,75,2.184210526,1.078947368,1.105263158,1.97,,,,,59927,15,0.3947368421
2010,4,Tottenham,38,21,7,10,67,41,26,70,1.763157895,1.078947368,0.6842105263,1.84,,,,,35794,18,0.4736842105
2010,5,Manchester City,38,18,13,7,73,45,28,67,1.921052632,1.184210526,0.7368421053,1.76,,,,,45470,23,0.6052631579
2010,6,Aston Villa,38,17,13,8,52,39,13,64,1.368421053,1.026315789,0.3421052632,1.68,,,,,38573,13,0.3421052632
2010,7,Liverpool,38,18,9,11,61,35,26,63,1.605263158,0.9210526316,0.6842105263,1.66,,,,,42864,18,0.4736842105
2010,8,Everton,38,16,13,9,60,49,11,61,1.578947368,1.289473684,0.2894736842,1.61,,,,,36725,13,0.3421052632
2010,9,Birmingham City,38,13,11,14,38,47,-9,50,1,1.236842105,-0.2368421053,1.32,,,,,25246,10,0.2631578947
2010,10,Blackburn,38,13,11,14,41,55,-14,50,1.078947368,1.447368421,-0.3684210526,1.32,,,,,25428,9,0.2368421053
2010,11,Stoke City,38,11,14,13,34,48,-14,47,0.8947368421,1.263157895,-0.3684210526,1.24,,,,,27162,5,0.1315789474
2010,12,Fulham,38,12,10,16,39,46,-7,46,1.026315789,1.210526316,-0.1842105263,1.21,,,,,23909,8,0.2105263158
2010,13,Sunderland,38,11,11,16,48,56,-8,44,1.263157895,1.473684211,-0.2105263158,1.16,,,,,38337,24,0.6315789474
2010,14,Bolton,38,10,9,19,42,67,-25,39,1.105263158,1.763157895,-0.6578947368,1.03,,,,,22200,8,0.2105263158
2010,15,Wolves,38,9,11,18,32,56,-24,38,0.8421052632,1.473684211,-0.6315789474,1,,,,,28366,9,0.2368421053
2010,16,Wigan Athletic,38,9,9,20,37,79,-42,36,0.9736842105,2.078947368,-1.105263158,0.95,,,,,18006,10,0.2631578947
2010,17,West Ham,38,8,11,19,47,66,-19,35,1.236842105,1.736842105,-0.5,0.92,,,,,33683,10,0.2631578947
2010,18,Burnley,38,8,6,24,42,82,-40,30,1.105263158,2.157894737,-1.052631579,0.79,,,,,20654,8,0.2105263158
2010,19,Hull City,38,6,12,20,34,75,-41,30,0.8947368421,1.973684211,-1.078947368,0.79,,,,,24390,6,0.1578947368
2010,20,Portsmouth,38,7,7,24,34,66,-32,19,0.8947368421,1.736842105,-0.8421052632,0.5,,,,,18249,8,0.2105263158
2009,1,Manchester Utd,38,28,6,4,68,24,44,90,1.789473684,0.6315789474,1.157894737,2.37,,,,,75304,18,0.4736842105
2009,2,Liverpool,38,25,11,2,77,27,50,86,2.026315789,0.7105263158,1.315789474,2.26,,,,,43611,16,0.4210526316
2009,3,Chelsea,38,25,8,5,68,24,44,83,1.789473684,0.6315789474,1.157894737,2.18,,,,,41588,19,0.5
2009,4,Arsel,38,20,12,6,68,37,31,72,1.789473684,0.9736842105,0.8157894737,1.89,,,,,60040,11,0.2894736842
2009,5,Everton,38,17,12,9,55,37,18,63,1.447368421,0.9736842105,0.4736842105,1.66,,,,,35667,8,0.2105263158
2009,6,Aston Villa,38,17,11,10,54,48,6,62,1.421052632,1.263157895,0.1578947368,1.63,,,,,39812,12,0.3157894737
2009,7,Fulham,38,14,11,13,39,34,5,53,1.026315789,0.8947368421,0.1315789474,1.39,,,,,24340,7,0.1842105263
2009,8,Tottenham,38,14,9,15,45,45,0,51,1.184210526,1.184210526,0,1.34,,,,,35929,12,0.3157894737
2009,9,West Ham,38,14,9,15,42,45,-3,51,1.105263158,1.184210526,-0.07894736842,1.34,,,,,34227,10,0.2631578947
2009,10,Manchester City,38,15,5,18,58,50,8,50,1.526315789,1.315789474,0.2105263158,1.32,,,,,43162,14,0.3684210526
2009,11,Wigan Athletic,38,12,9,17,34,45,-11,45,0.8947368421,1.184210526,-0.2894736842,1.18,,,,,18350,10,0.2631578947
2009,12,Stoke City,38,12,9,17,38,55,-17,45,1,1.447368421,-0.4473684211,1.18,,,,,26960,11,0.2894736842
2009,13,Bolton,38,11,8,19,41,53,-12,41,1.078947368,1.394736842,-0.3157894737,1.08,,,,,22486,11,0.2894736842
2009,14,Portsmouth,38,10,11,17,38,57,-19,41,1,1.5,-0.5,1.08,,,,,19830,10,0.2631578947
2009,15,Blackburn,38,10,11,17,40,60,-20,41,1.052631579,1.578947368,-0.5263157895,1.08,,,,,23481,10,0.2631578947
2009,16,Sunderland,38,9,9,20,34,54,-20,36,0.8947368421,1.421052632,-0.5263157895,0.95,,,,,40163,10,0.2631578947
2009,17,Hull City,38,8,11,19,39,64,-25,35,1.026315789,1.684210526,-0.6578947368,0.92,,,,,24816,8,0.2105263158
2009,18,Newcastle Utd,38,7,13,18,40,59,-19,34,1.052631579,1.552631579,-0.5,0.89,,,,,48750,8,0.2105263158
2009,19,Middlesbrough,38,7,11,20,28,57,-29,32,0.7368421053,1.5,-0.7631578947,0.84,,,,,28429,7,0.1842105263
2009,20,West Brom,38,8,8,22,36,67,-31,32,0.9473684211,1.763157895,-0.8157894737,0.84,,,,,25828,9,0.2368421053
2008,1,Manchester Utd,38,27,6,5,80,22,58,87,2.105263158,0.5789473684,1.526315789,2.29,,,,,75691,31,0.8157894737
2008,2,Chelsea,38,25,10,3,65,26,39,85,1.710526316,0.6842105263,1.026315789,2.24,,,,,41397,10,0.2631578947
2008,3,Arsel,38,24,11,3,74,31,43,83,1.947368421,0.8157894737,1.131578947,2.18,,,,,60070,24,0.6315789474
2008,4,Liverpool,38,21,13,4,67,28,39,76,1.763157895,0.7368421053,1.026315789,2,,,,,43532,24,0.6315789474
2008,5,Everton,38,19,8,11,55,33,22,65,1.447368421,0.8684210526,0.5789473684,1.71,,,,,36955,15,0.3947368421
2008,6,Aston Villa,38,16,12,10,71,51,20,60,1.868421053,1.342105263,0.5263157895,1.58,,,,,40345,13,0.3421052632
2008,7,Blackburn,38,15,13,10,50,48,2,58,1.315789474,1.263157895,0.05263157895,1.53,,,,,23944,19,0.5
2008,8,Portsmouth,38,16,9,13,48,40,8,57,1.263157895,1.052631579,0.2105263158,1.5,,,,,19914,12,0.3157894737
2008,9,Manchester City,38,15,10,13,45,53,-8,55,1.184210526,1.394736842,-0.2105263158,1.45,,,,,42126,8,0.2105263158
2008,10,West Ham,38,13,10,15,42,50,-8,49,1.105263158,1.315789474,-0.2105263158,1.29,,,,,34601,10,0.2631578947
2008,11,Tottenham,38,11,13,14,66,61,5,46,1.736842105,1.605263158,0.1315789474,1.21,,,,,35967,15,0.3947368421
2008,12,Newcastle Utd,38,11,10,17,45,65,-20,43,1.184210526,1.710526316,-0.5263157895,1.13,,,,,50488,11,0.2894736842
2008,13,Middlesbrough,38,10,12,16,43,53,-10,42,1.131578947,1.394736842,-0.2631578947,1.11,,,,,26708,9,0.2368421053
2008,14,Wigan Athletic,38,10,10,18,34,51,-17,40,0.8947368421,1.342105263,-0.4473684211,1.05,,,,,19046,7,0.1842105263
2008,15,Sunderland,38,11,6,21,36,59,-23,39,0.9473684211,1.552631579,-0.6052631579,1.03,,,,,43344,7,0.1842105263
2008,16,Bolton,38,9,10,19,36,54,-18,37,0.9473684211,1.421052632,-0.4736842105,0.97,,,,,20746,10,0.2631578947
2008,17,Fulham,38,8,12,18,38,60,-22,36,1,1.578947368,-0.5789473684,0.95,,,,,23773,6,0.1578947368
2008,18,Reading,38,10,6,22,41,66,-25,36,1.078947368,1.736842105,-0.6578947368,0.95,,,,,23585,10,0.2631578947
2008,19,Birmingham City,38,8,11,19,46,62,-16,35,1.210526316,1.631578947,-0.4210526316,0.92,,,,,26181,9,0.2368421053
2008,20,Derby County,38,1,8,29,20,89,-69,11,0.5263157895,2.342105263,-1.815789474,0.29,,,,,32432,4,0.1052631579
2007,1,Manchester Utd,38,28,5,5,83,27,56,89,2.184210526,0.7105263158,1.473684211,2.34,,,,,75826,17,0.4473684211
2007,2,Chelsea,38,24,11,3,64,24,40,83,1.684210526,0.6315789474,1.052631579,2.18,,,,,41542,20,0.5263157895
2007,3,Liverpool,38,20,8,10,57,27,30,68,1.5,0.7105263158,0.7894736842,1.79,,,,,43561,12,0.3157894737
2007,4,Arsel,38,19,11,8,63,35,28,68,1.657894737,0.9210526316,0.7368421053,1.79,,,,,60140,11,0.2894736842
2007,5,Tottenham,38,17,9,12,57,54,3,60,1.5,1.421052632,0.07894736842,1.58,,,,,35739,12,0.3157894737
2007,6,Everton,38,15,13,10,52,36,16,58,1.368421053,0.9473684211,0.4210526316,1.53,,,,,36739,11,0.2894736842
2007,7,Bolton,38,16,8,14,47,52,-5,56,1.236842105,1.368421053,-0.1315789474,1.47,,,,,23606,11,0.2894736842
2007,8,Reading,38,16,7,15,52,47,5,55,1.368421053,1.236842105,0.1315789474,1.45,,,,,23829,13,0.3421052632
2007,9,Portsmouth,38,14,12,12,45,42,3,54,1.184210526,1.105263158,0.07894736842,1.42,,,,,19862,10,0.2631578947
2007,10,Blackburn,38,15,7,16,52,54,-2,52,1.368421053,1.421052632,-0.05263157895,1.37,,,,,21271,18,0.4736842105
2007,11,Aston Villa,38,11,17,10,43,41,2,50,1.131578947,1.078947368,0.05263157895,1.32,,,,,36214,9,0.2368421053
2007,12,Middlesbrough,38,12,10,16,44,49,-5,46,1.157894737,1.289473684,-0.1315789474,1.21,,,,,27730,14,0.3684210526
2007,13,Newcastle Utd,38,11,10,17,38,47,-9,43,1,1.236842105,-0.2368421053,1.13,,,,,50686,11,0.2894736842
2007,14,Manchester City,38,11,9,18,29,44,-15,42,0.7631578947,1.157894737,-0.3947368421,1.11,,,,,39997,6,0.1578947368
2007,15,West Ham,38,12,5,21,35,59,-24,41,0.9210526316,1.552631579,-0.6315789474,1.08,,,,,34722,11,0.2894736842
2007,16,Fulham,38,8,15,15,38,60,-22,39,1,1.578947368,-0.5789473684,1.03,,,,,22279,9,0.2368421053
2007,17,Wigan Athletic,38,10,8,20,37,59,-22,38,0.9736842105,1.552631579,-0.5789473684,1,,,,,18159,9,0.2368421053
2007,18,Sheffield Utd,38,10,8,20,32,55,-23,38,0.8421052632,1.447368421,-0.6052631579,1,,,,,30684,8,0.2105263158
2007,19,Charlton Ath,38,8,10,20,34,60,-26,34,0.8947368421,1.578947368,-0.6842105263,0.89,,,,,26195,13,0.3421052632
2007,20,Watford,38,5,13,20,29,59,-30,28,0.7631578947,1.552631579,-0.7894736842,0.74,,,,,18750,5,0.1315789474
2006,1,Chelsea,38,29,4,5,72,22,50,91,1.894736842,0.5789473684,1.315789474,2.39,,,,,41902,16,0.4210526316
2006,2,Manchester Utd,38,25,8,5,72,34,38,83,1.894736842,0.8947368421,1,2.18,,,,,68765,21,0.5526315789
2006,3,Liverpool,38,25,7,6,57,25,32,82,1.5,0.6578947368,0.8421052632,2.16,,,,,44236,10,0.2631578947
2006,4,Arsel,38,20,7,11,68,31,37,67,1.789473684,0.8157894737,0.9736842105,1.76,,,,,38184,27,0.7105263158
2006,5,Tottenham,38,18,11,9,53,38,15,65,1.394736842,1,0.3947368421,1.71,,,,,36074,16,0.4210526316
2006,6,Blackburn,38,19,6,13,51,42,9,63,1.342105263,1.105263158,0.2368421053,1.66,,,,,21015,13,0.3421052632
2006,7,Newcastle Utd,38,17,7,14,47,42,5,58,1.236842105,1.105263158,0.1315789474,1.53,,,,,52032,10,0.2631578947
2006,8,Bolton,38,15,11,12,49,41,8,56,1.289473684,1.078947368,0.2105263158,1.47,,,,,25455,9,0.2368421053
2006,9,West Ham,38,16,7,15,52,55,-3,55,1.368421053,1.447368421,-0.07894736842,1.45,,,,,33743,14,0.3684210526
2006,10,Wigan Athletic,38,15,6,17,45,52,-7,51,1.184210526,1.368421053,-0.1842105263,1.34,,,,,20610,12,0.3157894737
2006,11,Everton,38,14,8,16,34,49,-15,50,0.8947368421,1.289473684,-0.3947368421,1.32,,,,,36860,10,0.2631578947
2006,12,Fulham,38,14,6,18,48,58,-10,48,1.263157895,1.526315789,-0.2631578947,1.26,,,,,20654,11,0.2894736842
2006,13,Charlton Ath,38,13,8,17,41,55,-14,47,1.078947368,1.447368421,-0.3684210526,1.24,,,,,26196,18,0.4736842105
2006,14,Middlesbrough,38,12,9,17,48,58,-10,45,1.263157895,1.526315789,-0.2631578947,1.18,,,,,28463,13,0.3421052632
2006,15,Manchester City,38,13,4,21,43,48,-5,43,1.131578947,1.263157895,-0.1315789474,1.13,,,,,42056,9,0.2368421053
2006,16,Aston Villa,38,10,12,16,42,55,-13,42,1.105263158,1.447368421,-0.3421052632,1.11,,,,,34112,8,0.2105263158
2006,17,Portsmouth,38,10,8,20,37,62,-25,38,0.9736842105,1.631578947,-0.6578947368,1,,,,,19840,7,0.1842105263
2006,18,Birmingham City,38,8,10,20,28,50,-22,34,0.7368421053,1.315789474,-0.5789473684,0.89,,,,,27392,5,0.1315789474
2006,19,West Brom,38,7,9,22,31,58,-27,30,0.8157894737,1.526315789,-0.7105263158,0.79,,,,,25404,5,0.1315789474
2006,20,Sunderland,38,3,6,29,26,69,-43,15,0.6842105263,1.815789474,-1.131578947,0.39,,,,,33904,3,0.07894736842
2005,1,Chelsea,38,29,8,1,72,15,57,95,1.894736842,0.3947368421,1.5,2.5,,,,,41870,13,0.3421052632
2005,2,Arsel,38,25,8,5,87,36,51,83,2.289473684,0.9473684211,1.342105263,2.18,,,,,37979,25,0.6578947368
2005,3,Manchester Utd,38,22,11,5,58,26,32,77,1.526315789,0.6842105263,0.8421052632,2.03,,,,,67871,11,0.2894736842
2005,4,Everton,38,18,7,13,45,46,-1,61,1.184210526,1.210526316,-0.02631578947,1.61,,,,,36834,12,0.3157894737
2005,5,Liverpool,38,17,7,14,52,41,11,58,1.368421053,1.078947368,0.2894736842,1.53,,,,,42587,9,0.2368421053
2005,6,Bolton,38,16,10,12,49,44,5,58,1.289473684,1.157894737,0.1315789474,1.53,,,,,26006,9,0.2368421053
2005,7,Middlesbrough,38,14,13,11,53,46,7,55,1.394736842,1.210526316,0.1842105263,1.45,,,,,32012,13,0.3421052632
2005,8,Manchester City,38,13,13,12,47,39,8,52,1.236842105,1.026315789,0.2105263158,1.37,,,,,45192,10,0.2631578947
2005,9,Tottenham,38,14,10,14,47,41,6,52,1.236842105,1.078947368,0.1578947368,1.37,,,,,35873,13,0.3421052632
2005,10,Aston Villa,38,12,11,15,45,52,-7,47,1.184210526,1.368421053,-0.1842105263,1.24,,,,,37354,8,0.2105263158
2005,11,Charlton Ath,38,12,10,16,42,58,-16,46,1.105263158,1.526315789,-0.4210526316,1.21,,,,,26401,6,0.1578947368
2005,12,Birmingham City,38,11,12,15,40,46,-6,45,1.052631579,1.210526316,-0.1578947368,1.18,,,,,28760,10,0.2631578947
2005,13,Fulham,38,12,8,18,52,60,-8,44,1.368421053,1.578947368,-0.2105263158,1.16,,,,,19838,12,0.3157894737
2005,14,Newcastle Utd,38,10,14,14,47,57,-10,44,1.236842105,1.5,-0.2631578947,1.16,,,,,51844,7,0.1842105263
2005,15,Blackburn,38,9,15,14,32,43,-11,42,0.8421052632,1.131578947,-0.2894736842,1.11,,,,,22315,9,0.2368421053
2005,16,Portsmouth,38,10,9,19,43,59,-16,39,1.131578947,1.552631579,-0.4210526316,1.03,,,,,20072,13,0.3421052632
2005,17,West Brom,38,6,16,16,36,61,-25,34,0.9473684211,1.605263158,-0.6578947368,0.89,,,,,25987,11,0.2894736842
2005,18,Crystal Palace,38,7,12,19,41,62,-21,33,1.078947368,1.631578947,-0.5526315789,0.87,,,,,24108,21,0.5526315789
2005,19,Norwich City,38,7,12,19,42,77,-35,33,1.105263158,2.026315789,-0.9210526316,0.87,,,,,24326,7,0.1842105263
2005,20,Southampton,38,6,14,18,45,66,-21,32,1.184210526,1.736842105,-0.5526315789,0.84,,,,,30610,12,0.3157894737
2004,1,Arsel,38,26,12,0,73,26,47,90,1.921052632,0.6842105263,1.236842105,2.37,,,,,38079,30,0.7894736842
2004,2,Chelsea,38,24,7,7,67,30,37,79,1.763157895,0.7894736842,0.9736842105,2.08,,,,,41234,13,0.3421052632
2004,3,Manchester Utd,38,23,6,9,64,35,29,75,1.684210526,0.9210526316,0.7631578947,1.97,,,,,67641,20,0.5263157895
2004,4,Liverpool,38,16,12,10,55,37,18,60,1.447368421,0.9736842105,0.4736842105,1.58,,,,,42677,16,0.4210526316
2004,5,Newcastle Utd,38,13,17,8,52,40,12,56,1.368421053,1.052631579,0.3157894737,1.47,,,,,51440,22,0.5789473684
2004,6,Aston Villa,38,15,11,12,48,44,4,56,1.263157895,1.157894737,0.1052631579,1.47,,,,,36622,16,0.4210526316
2004,7,Charlton Ath,38,14,11,13,51,51,0,53,1.342105263,1.342105263,0,1.39,,,,,26293,10,0.2631578947
2004,8,Bolton,38,14,11,13,48,56,-8,53,1.263157895,1.473684211,-0.2105263158,1.39,,,,,26795,9,0.2368421053
2004,9,Fulham,38,14,10,14,52,46,6,52,1.368421053,1.210526316,0.1578947368,1.37,,,,,16342,13,0.3421052632
2004,10,Birmingham City,38,12,14,12,43,48,-5,50,1.131578947,1.263157895,-0.1315789474,1.32,,,,,29073,17,0.4473684211
2004,11,Middlesbrough,38,13,9,16,44,52,-8,48,1.157894737,1.368421053,-0.2105263158,1.26,,,,,30418,9,0.2368421053
2004,12,Southampton,38,12,11,15,44,45,-1,47,1.157894737,1.184210526,-0.02631578947,1.24,,,,,31699,14,0.3684210526
2004,13,Portsmouth,38,12,9,17,47,54,-7,45,1.236842105,1.421052632,-0.1842105263,1.18,,,,,20108,16,0.4210526316
2004,14,Tottenham,38,13,6,19,47,57,-10,45,1.236842105,1.5,-0.2631578947,1.18,,,,,34876,14,0.3684210526
2004,15,Blackburn,38,12,8,18,51,59,-8,44,1.342105263,1.552631579,-0.2105263158,1.16,,,,,24376,11,0.2894736842
2004,16,Manchester City,38,9,14,15,55,54,1,41,1.447368421,1.421052632,0.02631578947,1.08,,,,,46834,16,0.4210526316
2004,17,Everton,38,9,12,17,45,57,-12,39,1.184210526,1.5,-0.3157894737,1.03,,,,,38837,9,0.2368421053
2004,18,Leicester City,38,6,15,17,48,65,-17,33,1.263157895,1.710526316,-0.4473684211,0.87,,,,,30893,12,0.3157894737
2004,19,Leeds United,38,8,9,21,40,79,-39,33,1.052631579,2.078947368,-1.026315789,0.87,,,,,36666,11,0.2894736842
2004,20,Wolves,38,7,12,19,38,77,-39,33,1,2.026315789,-1.026315789,0.87,,,,,28874,7,0.1842105263
2003,1,Manchester Utd,38,25,8,5,74,34,40,83,1.947368421,0.8947368421,1.052631579,2.18,,,,,67602,25,0.6578947368
2003,2,Arsel,38,23,9,6,85,42,43,78,2.236842105,1.105263158,1.131578947,2.05,,,,,38042,24,0.6315789474
2003,3,Newcastle Utd,38,21,6,11,63,48,15,69,1.657894737,1.263157895,0.3947368421,1.82,,,,,51923,17,0.4473684211
2003,4,Chelsea,38,19,10,9,68,38,30,67,1.789473684,1,0.7894736842,1.76,,,,,39784,14,0.3684210526
2003,5,Liverpool,38,18,10,10,61,41,20,64,1.605263158,1.078947368,0.5263157895,1.68,,,,,43243,19,0.5
2003,6,Blackburn,38,16,12,10,52,43,9,60,1.368421053,1.131578947,0.2368421053,1.58,,,,,26226,9,0.2368421053
2003,7,Everton,38,17,8,13,48,49,-1,59,1.263157895,1.289473684,-0.02631578947,1.55,,,,,38491,12,0.3157894737
2003,8,Southampton,38,13,13,12,43,46,-3,52,1.131578947,1.210526316,-0.07894736842,1.37,,,,,30680,23,0.6052631579
2003,9,Manchester City,38,15,6,17,47,54,-7,51,1.236842105,1.421052632,-0.1842105263,1.34,,,,,34565,14,0.3684210526
2003,10,Tottenham,38,14,8,16,51,62,-11,50,1.342105263,1.631578947,-0.2894736842,1.32,,,,,35897,14,0.3684210526
2003,11,Middlesbrough,38,13,10,15,48,44,4,49,1.263157895,1.157894737,0.1052631579,1.29,,,,,31105,9,0.2368421053
2003,12,Charlton Ath,38,14,7,17,45,56,-11,49,1.184210526,1.473684211,-0.2894736842,1.29,,,,,26256,10,0.2631578947
2003,13,Birmingham City,38,13,9,16,41,49,-8,48,1.078947368,1.289473684,-0.2105263158,1.26,,,,,28831,6,0.1578947368
2003,14,Fulham,38,13,9,16,41,50,-9,48,1.078947368,1.315789474,-0.2368421053,1.26,,,,,16707,6,0.1578947368
2003,15,Leeds United,38,14,5,19,58,57,1,47,1.526315789,1.5,0.02631578947,1.24,,,,,39120,20,0.5263157895
2003,16,Aston Villa,38,12,9,17,42,47,-5,45,1.105263158,1.236842105,-0.1315789474,1.18,,,,,34975,10,0.2631578947
2003,17,Bolton,38,10,14,14,41,51,-10,44,1.078947368,1.342105263,-0.2631578947,1.16,,,,,25017,7,0.1842105263
2003,18,West Ham,38,10,12,16,42,59,-17,42,1.105263158,1.552631579,-0.4473684211,1.11,,,,,34432,9,0.2368421053
2003,19,West Brom,38,6,8,24,29,65,-36,26,0.7631578947,1.710526316,-0.9473684211,0.68,,,,,26731,5,0.1315789474
2003,20,Sunderland,38,4,7,27,21,65,-44,19,0.5526315789,1.710526316,-1.157894737,0.5,,,,,39698,6,0.1578947368
2002,1,Arsel,38,26,9,3,79,36,43,87,2.078947368,0.9473684211,1.131578947,2.29,,,,,38055,24,0.6315789474
2002,2,Liverpool,38,24,8,6,67,30,37,80,1.763157895,0.7894736842,0.9736842105,2.11,,,,,43389,19,0.5
2002,3,Manchester Utd,38,24,5,9,87,45,42,77,2.289473684,1.184210526,1.105263158,2.03,,,,,67558,23,0.6052631579
2002,4,Newcastle Utd,38,21,8,9,74,52,22,71,1.947368421,1.368421053,0.5789473684,1.87,,,,,51373,23,0.6052631579
2002,5,Leeds United,38,18,12,8,53,37,16,66,1.394736842,0.9736842105,0.4210526316,1.74,,,,,39752,15,0.3947368421
2002,6,Chelsea,38,17,13,8,66,38,28,64,1.736842105,1,0.7368421053,1.68,,,,,39030,23,0.6052631579
2002,7,West Ham,38,15,8,15,48,57,-9,53,1.263157895,1.5,-0.2368421053,1.39,,,,,31570,11,0.2894736842
2002,8,Aston Villa,38,12,14,12,46,47,-1,50,1.210526316,1.236842105,-0.02631578947,1.32,,,,,35012,12,0.3157894737
2002,9,Tottenham,38,14,8,16,49,53,-4,50,1.289473684,1.394736842,-0.1052631579,1.32,,,,,35001,10,0.2631578947
2002,10,Blackburn,38,12,10,16,55,51,4,46,1.447368421,1.342105263,0.1052631579,1.21,,,,,25973,13,0.3421052632
2002,11,Southampton,38,12,9,17,46,54,-8,45,1.210526316,1.421052632,-0.2105263158,1.18,,,,,30633,14,0.3684210526
2002,12,Middlesbrough,38,12,9,17,35,47,-12,45,0.9210526316,1.236842105,-0.3157894737,1.18,,,,,28459,8,0.2105263158
2002,13,Fulham,38,10,14,14,36,44,-8,44,0.9473684211,1.157894737,-0.2105263158,1.16,,,,,19389,8,0.2105263158
2002,14,Charlton Ath,38,10,14,14,38,49,-11,44,1,1.289473684,-0.2894736842,1.16,,,,,24165,11,0.2894736842
2002,15,Everton,38,11,10,17,45,57,-12,43,1.184210526,1.5,-0.3157894737,1.13,,,,,33582,6,0.1578947368
2002,16,Bolton,38,9,13,16,44,62,-18,40,1.157894737,1.631578947,-0.4736842105,1.05,,,,,25098,12,0.3157894737
2002,17,Sunderland,38,10,10,18,29,51,-22,40,0.7631578947,1.342105263,-0.5789473684,1.05,,,,,46744,11,0.2894736842
2002,18,Ipswich Town,38,9,9,20,41,64,-23,36,1.078947368,1.684210526,-0.6052631579,0.95,,,,,24426,9,0.2368421053
2002,19,Derby County,38,8,6,24,33,63,-30,30,0.8684210526,1.657894737,-0.7894736842,0.79,,,,,29785,9,0.2368421053
2002,20,Leicester City,38,5,13,20,30,64,-34,28,0.7894736842,1.684210526,-0.8947368421,0.74,,,,,19835,7,0.1842105263
2001,1,Manchester Utd,38,24,8,6,79,31,48,80,2.078947368,0.8157894737,1.263157895,2.11,,,,,67489,15,0.3947368421
2001,2,Arsel,38,20,10,8,63,38,25,70,1.657894737,1,0.6578947368,1.84,,,,,37974,17,0.4473684211
2001,3,Liverpool,38,20,9,9,71,39,32,69,1.868421053,1.026315789,0.8421052632,1.82,,,,,43698,16,0.4210526316
2001,4,Leeds United,38,20,8,10,64,43,21,68,1.684210526,1.131578947,0.5526315789,1.79,,,,,38974,17,0.4473684211
2001,5,Ipswich Town,38,20,6,12,57,42,15,66,1.5,1.105263158,0.3947368421,1.74,,,,,22532,19,0.5
2001,6,Chelsea,38,17,10,11,68,45,23,61,1.789473684,1.184210526,0.6052631579,1.61,,,,,34700,23,0.6052631579
2001,7,Sunderland,38,15,12,11,46,41,5,57,1.210526316,1.078947368,0.1315789474,1.5,,,,,46790,14,0.3684210526
2001,8,Aston Villa,38,13,15,10,46,43,3,54,1.210526316,1.131578947,0.07894736842,1.42,,,,,31522,8,0.2105263158
2001,9,Charlton Ath,38,14,10,14,50,57,-7,52,1.315789474,1.5,-0.1842105263,1.37,,,,,20022,11,0.2894736842
2001,10,Southampton,38,14,10,14,40,48,-8,52,1.052631579,1.263157895,-0.2105263158,1.37,,,,,15115,11,0.2894736842
2001,11,Newcastle Utd,38,14,9,15,44,50,-6,51,1.157894737,1.315789474,-0.1578947368,1.34,,,,,51309,6,0.1578947368
2001,12,Tottenham,38,13,10,15,47,54,-7,49,1.236842105,1.421052632,-0.1842105263,1.29,,,,,35194,10,0.2631578947
2001,13,Leicester City,38,14,6,18,39,51,-12,48,1.026315789,1.342105263,-0.3157894737,1.26,,,,,20452,9,0.2368421053
2001,14,Middlesbrough,38,9,15,14,44,44,0,42,1.157894737,1.157894737,0,1.11,,,,,30747,12,0.3157894737
2001,15,West Ham,38,10,12,16,45,50,-5,42,1.184210526,1.315789474,-0.1315789474,1.11,,,,,25697,11,0.2894736842
2001,16,Everton,38,11,9,18,45,59,-14,42,1.184210526,1.552631579,-0.3684210526,1.11,,,,,34130,9,0.2368421053
2001,17,Derby County,38,10,12,16,37,59,-22,42,0.9736842105,1.552631579,-0.5789473684,1.11,,,,,28550,8,0.2105263158
2001,18,Manchester City,38,8,10,20,41,65,-24,34,1.078947368,1.710526316,-0.6315789474,0.89,,,,,34058,9,0.2368421053
2001,19,Coventry City,38,8,10,20,36,63,-27,34,0.9473684211,1.657894737,-0.7105263158,0.89,,,,,20582,6,0.1578947368
2001,20,Bradford City,38,5,11,22,30,70,-40,26,0.7894736842,1.842105263,-1.052631579,0.68,,,,,18510,5,0.1315789474
2000,1,Manchester Utd,38,28,7,3,97,45,52,91,2.552631579,1.184210526,1.368421053,2.39,,,,,55107,20,0.5263157895
2000,2,Arsel,38,22,7,9,73,43,30,73,1.921052632,1.131578947,0.7894736842,1.92,,,,,38033,17,0.4473684211
2000,3,Leeds United,38,21,6,11,58,43,15,69,1.526315789,1.131578947,0.3947368421,1.82,,,,,39154,19,0.5
2000,4,Liverpool,38,19,10,9,51,30,21,67,1.342105263,0.7894736842,0.5526315789,1.76,,,,,41757,11,0.2894736842
2000,5,Chelsea,38,18,11,9,53,34,19,65,1.394736842,0.8947368421,0.5,1.71,,,,,34533,10,0.2631578947
2000,6,Aston Villa,38,15,13,10,46,35,11,58,1.210526316,0.9210526316,0.2894736842,1.53,,,,,31696,12,0.3157894737
2000,7,Sunderland,38,16,10,12,57,56,1,58,1.5,1.473684211,0.02631578947,1.53,,,,,39300,30,0.7894736842
2000,8,Leicester City,38,16,7,15,55,55,0,55,1.447368421,1.447368421,0,1.45,,,,,18884,13,0.3421052632
2000,9,West Ham,38,15,10,13,52,53,-1,55,1.368421053,1.394736842,-0.02631578947,1.45,,,,,25093,16,0.4210526316
2000,10,Tottenham,38,15,8,15,57,49,8,53,1.5,1.289473684,0.2105263158,1.39,,,,,31186,14,0.3684210526
2000,11,Newcastle Utd,38,14,10,14,63,54,9,52,1.657894737,1.421052632,0.2368421053,1.37,,,,,36321,23,0.6052631579
2000,12,Middlesbrough,38,14,10,14,46,52,-6,52,1.210526316,1.368421053,-0.1578947368,1.37,,,,,33393,12,0.3157894737
2000,13,Everton,38,12,14,12,59,49,10,50,1.552631579,1.289473684,0.2631578947,1.32,,,,,34827,12,0.3157894737
2000,14,Coventry City,38,12,8,18,47,54,-7,44,1.236842105,1.421052632,-0.1842105263,1.16,,,,,20808,12,0.3157894737
2000,15,Southampton,38,12,8,18,45,62,-17,44,1.184210526,1.631578947,-0.4473684211,1.16,,,,,15131,13,0.3421052632
2000,16,Derby County,38,9,11,18,44,57,-13,38,1.157894737,1.5,-0.3421052632,1,,,,,29351,8,0.2105263158
2000,17,Bradford City,38,9,9,20,38,68,-30,36,1,1.789473684,-0.7894736842,0.95,,,,,18030,10,0.2631578947
2000,18,Wimbledon,38,7,12,19,46,74,-28,33,1.210526316,1.947368421,-0.7368421053,0.87,,,,,17131,9,0.2368421053
2000,19,Sheffield Weds,38,8,7,23,38,70,-32,31,1,1.842105263,-0.8421052632,0.82,,,,,24855,10,0.2631578947
2000,20,Watford,38,6,6,26,35,77,-42,24,0.9210526316,2.026315789,-1.105263158,0.63,,,,,19431,6,0.1578947368
1999,1,Manchester Utd,38,22,13,3,80,37,43,79,2.105263158,0.9736842105,1.131578947,2.08,,,,,55188,18,0.4736842105
1999,2,Arsel,38,22,12,4,59,17,42,78,1.552631579,0.4473684211,1.105263158,2.05,,,,,38023,17,0.4473684211
1999,3,Chelsea,38,20,15,3,57,30,27,75,1.5,0.7894736842,0.7105263158,1.97,,,,,35278,13,0.3421052632
1999,4,Leeds United,38,18,13,7,62,34,28,67,1.631578947,0.8947368421,0.7368421053,1.76,,,,,35845,18,0.4736842105
1999,5,West Ham,38,16,9,13,46,53,-7,57,1.210526316,1.394736842,-0.1842105263,1.5,,,,,25684,9,0.2368421053
1999,6,Aston Villa,38,15,10,13,51,46,5,55,1.342105263,1.210526316,0.1315789474,1.45,,,,,37039,14,0.3684210526
1999,7,Liverpool,38,15,9,14,68,49,19,54,1.789473684,1.289473684,0.5,1.42,,,,,43321,17,0.4473684211
1999,8,Derby County,38,13,13,12,40,45,-5,52,1.052631579,1.184210526,-0.1315789474,1.37,,,,,29195,9,0.2368421053
1999,9,Middlesbrough,38,12,15,11,48,54,-6,51,1.263157895,1.421052632,-0.1578947368,1.34,,,,,34389,15,0.3947368421
1999,10,Leicester City,38,12,13,13,40,46,-6,49,1.052631579,1.210526316,-0.1578947368,1.29,,,,,20469,10,0.2631578947
1999,11,Tottenham,38,11,14,13,47,50,-3,47,1.236842105,1.315789474,-0.07894736842,1.24,,,,,34153,9,0.2368421053
1999,12,Sheffield Weds,38,13,7,18,41,42,-1,46,1.078947368,1.105263158,-0.02631578947,1.21,,,,,26745,8,0.2105263158
1999,13,Newcastle Utd,38,11,13,14,48,54,-6,46,1.263157895,1.421052632,-0.1578947368,1.21,,,,,36882,14,0.3684210526
1999,14,Everton,38,11,10,17,42,47,-5,43,1.105263158,1.236842105,-0.1315789474,1.13,,,,,36203,9,0.2368421053
1999,15,Coventry City,38,11,9,18,39,51,-12,42,1.026315789,1.342105263,-0.3157894737,1.11,,,,,20805,9,0.2368421053
1999,16,Wimbledon,38,10,12,16,40,63,-23,42,1.052631579,1.657894737,-0.6052631579,1.11,,,,,18237,10,0.2631578947
1999,17,Southampton,38,11,8,19,37,64,-27,41,0.9736842105,1.684210526,-0.7105263158,1.08,,,,,15139,7,0.1842105263
1999,18,Charlton Ath,38,8,12,18,41,56,-15,36,1.078947368,1.473684211,-0.3947368421,0.95,,,,,19823,8,0.2105263158
1999,19,Blackburn,38,7,14,17,38,52,-14,35,1,1.368421053,-0.3684210526,0.92,,,,,25761,5,0.1315789474
1999,20,Nott'ham Forest,38,7,9,22,35,69,-34,30,0.9210526316,1.815789474,-0.8947368421,0.79,,,,,24415,9,0.2368421053
1998,1,Arsel,38,23,9,6,68,33,35,78,1.789473684,0.8684210526,0.9210526316,2.05,,,,,38053,16,0.4210526316
1998,2,Manchester Utd,38,23,8,7,73,26,47,77,1.921052632,0.6842105263,1.236842105,2.03,,,,,55164,15,0.3947368421
1998,3,Liverpool,38,18,11,9,68,42,26,65,1.789473684,1.105263158,0.6842105263,1.71,,,,,40628,18,0.4736842105
1998,4,Chelsea,38,20,3,15,71,43,28,63,1.868421053,1.131578947,0.7368421053,1.66,,,,,33306,11,0.2894736842
1998,5,Leeds United,38,17,8,13,57,46,11,59,1.5,1.210526316,0.2894736842,1.55,,,,,34444,16,0.4210526316
1998,6,Blackburn,38,16,10,12,57,52,5,58,1.5,1.368421053,0.1315789474,1.53,,,,,25028,18,0.4736842105
1998,7,Aston Villa,38,17,6,15,49,48,1,57,1.289473684,1.263157895,0.02631578947,1.5,,,,,35956,12,0.3157894737
1998,8,West Ham,38,16,8,14,56,57,-1,56,1.473684211,1.5,-0.02631578947,1.47,,,,,24921,15,0.3947368421
1998,9,Derby County,38,16,7,15,52,49,3,55,1.368421053,1.289473684,0.07894736842,1.45,,,,,29027,13,0.3421052632
1998,10,Leicester City,38,13,14,11,51,41,10,53,1.342105263,1.078947368,0.2631578947,1.39,,,,,20615,10,0.2631578947
1998,11,Coventry City,38,12,16,10,46,44,2,52,1.210526316,1.157894737,0.05263157895,1.37,,,,,19722,18,0.4736842105
1998,12,Southampton,38,14,6,18,50,55,-5,48,1.315789474,1.447368421,-0.1315789474,1.26,,,,,15159,11,0.2894736842
1998,13,Newcastle Utd,38,11,11,16,35,44,-9,44,0.9210526316,1.157894737,-0.2368421053,1.16,,,,,36663,6,0.1578947368
1998,14,Tottenham,38,11,11,16,44,56,-12,44,1.157894737,1.473684211,-0.3157894737,1.16,,,,,28763,9,0.2368421053
1998,15,Wimbledon,38,10,14,14,34,46,-12,44,0.8947368421,1.210526316,-0.3157894737,1.16,,,,,16682,4,0.1052631579
1998,16,Sheffield Weds,38,12,8,18,52,67,-15,44,1.368421053,1.763157895,-0.3947368421,1.16,,,,,28706,12,0.3157894737
1998,17,Everton,38,9,13,16,41,56,-15,40,1.078947368,1.473684211,-0.3947368421,1.05,,,,,35090,11,0.2894736842
1998,18,Bolton,38,9,13,16,41,61,-20,40,1.078947368,1.605263158,-0.5263157895,1.05,,,,,24352,12,0.3157894737
1998,19,Barnsley,38,10,5,23,37,82,-45,35,0.9736842105,2.157894737,-1.184210526,0.92,,,,,18428,10,0.2631578947
1998,20,Crystal Palace,38,8,9,21,37,71,-34,33,0.9736842105,1.868421053,-0.8947368421,0.87,,,,,22266,7,0.1842105263
1997,1,Manchester Utd,38,21,12,5,76,44,32,75,2,1.157894737,0.8421052632,1.97,,,,,55081,18,0.4736842105
1997,2,Newcastle Utd,38,19,11,8,73,40,33,68,1.921052632,1.052631579,0.8684210526,1.79,,,,,36466,25,0.6578947368
1997,3,Arsel,38,19,11,8,62,32,30,68,1.631578947,0.8421052632,0.7894736842,1.79,,,,,37821,23,0.6052631579
1997,4,Liverpool,38,19,11,8,62,37,25,68,1.631578947,0.9736842105,0.6578947368,1.79,,,,,39777,18,0.4736842105
1997,5,Aston Villa,38,17,10,11,47,34,13,61,1.236842105,0.8947368421,0.3421052632,1.61,,,,,36027,17,0.4473684211
1997,6,Chelsea,38,16,11,11,58,55,3,59,1.526315789,1.447368421,0.07894736842,1.55,,,,,27001,9,0.2368421053
1997,7,Sheffield Weds,38,14,15,9,50,51,-1,57,1.315789474,1.342105263,-0.02631578947,1.5,,,,,25693,10,0.2631578947
1997,8,Wimbledon,38,15,11,12,49,46,3,56,1.289473684,1.210526316,0.07894736842,1.47,,,,,15156,11,0.2894736842
1997,9,Leicester City,38,12,11,15,46,54,-8,47,1.210526316,1.421052632,-0.2105263158,1.24,,,,,20183,12,0.3157894737
1997,10,Tottenham,38,13,7,18,44,51,-7,46,1.157894737,1.342105263,-0.1842105263,1.21,,,,,31067,7,0.1842105263
1997,11,Leeds United,38,11,13,14,28,38,-10,46,0.7368421053,1,-0.2631578947,1.21,,,,,32109,5,0.1315789474
1997,12,Derby County,38,11,13,14,45,58,-13,46,1.184210526,1.526315789,-0.3421052632,1.21,,,,,17888,11,0.2894736842
1997,13,Blackburn,38,9,15,14,42,43,-1,42,1.105263158,1.131578947,-0.02631578947,1.11,,,,,24947,11,0.2894736842
1997,14,West Ham,38,10,12,16,39,48,-9,42,1.026315789,1.263157895,-0.2368421053,1.11,,,,,23342,8,0.2105263158
1997,15,Everton,38,10,12,16,44,57,-13,42,1.157894737,1.5,-0.3421052632,1.11,,,,,36186,10,0.2631578947
1997,16,Southampton,38,10,11,17,50,56,-6,41,1.315789474,1.473684211,-0.1578947368,1.08,,,,,15100,13,0.3421052632
1997,17,Coventry City,38,9,14,15,38,54,-16,41,1,1.421052632,-0.4210526316,1.08,,,,,19625,14,0.3684210526
1997,18,Sunderland,38,10,10,18,35,53,-18,40,0.9210526316,1.394736842,-0.4736842105,1.05,,,,,20973,5,0.1315789474
1997,19,Middlesbrough,38,10,12,16,51,60,-9,39,1.342105263,1.578947368,-0.2368421053,1.03,,,,,29848,16,0.4210526316
1997,20,Nott'ham Forest,38,6,16,16,31,59,-28,34,0.8157894737,1.552631579,-0.7368421053,0.89,,,,,23233,6,0.1578947368
1996,1,Manchester Utd,38,25,7,6,73,35,38,82,1.921052632,0.9210526316,1,2.16,,,,,41001,14,0.3684210526
1996,2,Newcastle Utd,38,24,6,8,66,37,29,78,1.736842105,0.9736842105,0.7631578947,2.05,,,,,36501,25,0.6578947368
1996,3,Liverpool,38,20,11,7,70,34,36,71,1.842105263,0.8947368421,0.9473684211,1.87,,,,,39553,28,0.7368421053
1996,4,Aston Villa,38,18,9,11,52,35,17,63,1.368421053,0.9210526316,0.4473684211,1.66,,,,,37492,17,0.4473684211
1996,5,Arsel,38,17,12,9,49,32,17,63,1.289473684,0.8421052632,0.4473684211,1.66,,,,,32614,15,0.3947368421
1996,6,Everton,38,17,10,11,64,44,20,61,1.684210526,1.157894737,0.5263157895,1.61,,,,,27714,16,0.4210526316
1996,7,Blackburn,38,18,7,13,61,47,14,61,1.605263158,1.236842105,0.3684210526,1.61,,,,,25163,31,0.8157894737
1996,8,Tottenham,38,16,13,9,50,38,12,61,1.315789474,1,0.3157894737,1.61,,,,,30548,16,0.4210526316
1996,9,Nott'ham Forest,38,15,13,10,50,54,-4,58,1.315789474,1.421052632,-0.1052631579,1.53,,,,,25953,8,0.2105263158
1996,10,West Ham,38,14,9,15,43,52,-9,51,1.131578947,1.368421053,-0.2368421053,1.34,,,,,22335,10,0.2631578947
1996,11,Chelsea,38,12,14,12,46,44,2,50,1.210526316,1.157894737,0.05263157895,1.32,,,,,25440,13,0.3421052632
1996,12,Middlesbrough,38,11,10,17,35,50,-15,43,0.9210526316,1.315789474,-0.3947368421,1.13,,,,,29220,7,0.1842105263
1996,13,Leeds United,38,12,7,19,40,57,-17,43,1.052631579,1.5,-0.4473684211,1.13,,,,,32413,12,0.3157894737
1996,14,Wimbledon,38,10,11,17,55,70,-15,41,1.447368421,1.842105263,-0.3947368421,1.08,,,,,13332,11,0.2894736842
1996,15,Sheffield Weds,38,10,10,18,48,61,-13,40,1.263157895,1.605263158,-0.3421052632,1.05,,,,,24887,13,0.3421052632
1996,16,Coventry City,38,8,14,16,42,60,-18,38,1.105263158,1.578947368,-0.4736842105,1,,,,,18292,14,0.3684210526
1996,17,Southampton,38,9,11,18,34,52,-18,38,0.8947368421,1.368421053,-0.4736842105,1,,,,,14802,8,0.2105263158
1996,18,Manchester City,38,9,11,18,33,58,-25,38,0.8684210526,1.526315789,-0.6578947368,1,,,,,27747,9,0.2368421053
1996,19,QPR,38,9,6,23,38,57,-19,33,1,1.5,-0.5,0.87,,,,,15672,10,0.2631578947
1996,20,Bolton,38,8,5,25,39,71,-32,29,1.026315789,1.868421053,-0.8421052632,0.76,,,,,18832,6,0.1578947368
1995,1,Blackburn,42,27,8,7,80,39,41,89,1.904761905,0.9285714286,0.9761904762,2.12,,,,,25151,34,0.8095238095
1995,2,Manchester Utd,42,26,10,6,77,29,48,88,1.833333333,0.6904761905,1.142857143,2.1,,,,,43664,14,0.3333333333
1995,3,Nott'ham Forest,42,22,11,9,72,43,29,77,1.714285714,1.023809524,0.6904761905,1.83,,,,,22079,23,0.5476190476
1995,4,Liverpool,42,21,11,10,65,37,28,74,1.547619048,0.880952381,0.6666666667,1.76,,,,,33305,25,0.5952380952
1995,5,Leeds United,42,20,13,9,59,38,21,73,1.404761905,0.9047619048,0.5,1.74,,,,,33433,12,0.2857142857
1995,6,Newcastle Utd,42,20,12,10,67,47,20,72,1.595238095,1.119047619,0.4761904762,1.71,,,,,34373,12,0.2857142857
1995,7,Tottenham,42,16,14,12,66,58,8,62,1.571428571,1.380952381,0.1904761905,1.48,,,,,26032,20,0.4761904762
1995,8,QPR,42,17,9,16,61,59,2,60,1.452380952,1.404761905,0.04761904762,1.43,,,,,14791,24,0.5714285714
1995,9,Wimbledon,42,15,11,16,48,65,-17,56,1.142857143,1.547619048,-0.4047619048,1.33,,,,,9847,9,0.2142857143
1995,10,Southampton,42,12,18,12,61,63,-2,54,1.452380952,1.5,-0.04761904762,1.29,,,,,14496,19,0.4523809524
1995,11,Chelsea,42,13,15,14,50,55,-5,54,1.19047619,1.30952381,-0.119047619,1.29,,,,,20709,11,0.2619047619
1995,12,Arsel,42,13,12,17,53,49,4,51,1.261904762,1.166666667,0.09523809524,1.21,,,,,35062,18,0.4285714286
1995,13,Sheffield Weds,42,13,12,17,49,57,-8,51,1.166666667,1.357142857,-0.1904761905,1.21,,,,,26527,11,0.2619047619
1995,14,West Ham,42,13,11,18,44,48,-4,50,1.047619048,1.142857143,-0.09523809524,1.19,,,,,18728,13,0.3095238095
1995,15,Everton,42,11,17,14,44,51,-7,50,1.047619048,1.214285714,-0.1666666667,1.19,,,,,29102,14,0.3333333333
1995,16,Coventry City,42,12,14,16,44,62,-18,50,1.047619048,1.476190476,-0.4285714286,1.19,,,,,14518,13,0.3095238095
1995,17,Manchester City,42,12,13,17,53,64,-11,49,1.261904762,1.523809524,-0.2619047619,1.17,,,,,21492,15,0.3571428571
1995,18,Aston Villa,42,11,15,16,51,56,-5,48,1.214285714,1.333333333,-0.119047619,1.14,,,,,28676,15,0.3571428571
1995,19,Crystal Palace,42,11,12,19,34,49,-15,45,0.8095238095,1.166666667,-0.3571428571,1.07,,,,,14867,8,0.1904761905
1995,20,Norwich City,42,10,13,19,37,54,-17,43,0.880952381,1.285714286,-0.4047619048,1.02,,,,,18724,8,0.1904761905
1995,21,Leicester City,42,6,11,25,45,80,-35,29,1.071428571,1.904761905,-0.8333333333,0.69,,,,,20235,9,0.2142857143
1995,22,Ipswich Town,42,7,6,29,36,93,-57,27,0.8571428571,2.214285714,-1.357142857,0.64,,,,,17581,5,0.119047619
1994,1,Manchester Utd,42,27,11,4,80,38,42,92,1.904761905,0.9047619048,1,2.19,,,,,44246,18,0.4285714286
1994,2,Blackburn,42,25,9,8,63,36,27,84,1.5,0.8571428571,0.6428571429,2,,,,,17303,31,0.7380952381
1994,3,Newcastle Utd,42,23,8,11,82,41,41,77,1.952380952,0.9761904762,0.9761904762,1.83,,,,,33792,34,0.8095238095
1994,4,Arsel,42,18,17,7,53,28,25,71,1.261904762,0.6666666667,0.5952380952,1.69,,,,,30492,23,0.5476190476
1994,5,Leeds United,42,18,16,8,65,39,26,70,1.547619048,0.9285714286,0.619047619,1.67,,,,,36368,17,0.4047619048
1994,6,Wimbledon,42,18,11,13,56,53,3,65,1.333333333,1.261904762,0.07142857143,1.55,,,,,10462,17,0.4047619048
1994,7,Sheffield Weds,42,16,16,10,76,54,22,64,1.80952381,1.285714286,0.5238095238,1.52,,,,,27187,19,0.4523809524
1994,8,Liverpool,42,17,9,16,59,55,4,60,1.404761905,1.30952381,0.09523809524,1.43,,,,,38503,14,0.3333333333
1994,9,QPR,42,16,12,14,62,61,1,60,1.476190476,1.452380952,0.02380952381,1.43,,,,,14133,16,0.380952381
1994,10,Aston Villa,42,15,12,15,46,50,-4,57,1.095238095,1.19047619,-0.09523809524,1.36,,,,,28957,10,0.2380952381
1994,11,Coventry City,42,14,14,14,43,45,-2,56,1.023809524,1.071428571,-0.04761904762,1.33,,,,,13564,11,0.2619047619
1994,12,Norwich City,42,12,17,13,65,61,4,53,1.547619048,1.452380952,0.09523809524,1.26,,,,,18179,25,0.5952380952
1994,13,West Ham,42,13,13,16,47,58,-11,52,1.119047619,1.380952381,-0.2619047619,1.24,,,,,20595,13,0.3095238095
1994,14,Chelsea,42,13,12,17,49,53,-4,51,1.166666667,1.261904762,-0.09523809524,1.21,,,,,19211,13,0.3095238095
1994,15,Tottenham,42,11,12,19,54,59,-5,45,1.285714286,1.404761905,-0.119047619,1.07,,,,,27255,14,0.3333333333
1994,16,Manchester City,42,9,18,15,38,49,-11,45,0.9047619048,1.166666667,-0.2619047619,1.07,,,,,26709,6,0.1428571429
1994,17,Everton,42,12,8,22,42,63,-21,44,1,1.5,-0.5,1.05,,,,,22900,16,0.380952381
1994,18,Southampton,42,12,7,23,49,66,-17,43,1.166666667,1.571428571,-0.4047619048,1.02,,,,,14764,25,0.5952380952
1994,19,Ipswich Town,42,9,16,17,35,58,-23,43,0.8333333333,1.380952381,-0.5476190476,1.02,,,,,16411,10,0.2380952381
1994,20,Sheffield Utd,42,8,18,16,42,60,-18,42,1,1.428571429,-0.4285714286,1,,,,,19562,9,0.2142857143
1994,21,Oldham Athletic,42,9,13,20,42,68,-26,40,1,1.619047619,-0.619047619,0.95,,,,,12589,9,0.2142857143
1994,22,Swindon Town,42,5,15,22,47,100,-53,30,1.119047619,2.380952381,-1.261904762,0.71,,,,,15011,12,0.2857142857
1993,1,Manchester Utd,42,24,12,6,67,31,36,84,1.595238095,0.7380952381,0.8571428571,2,,,,,35132,15,0.3571428571
1993,2,Aston Villa,42,21,11,10,57,40,17,74,1.357142857,0.9523809524,0.4047619048,1.76,,,,,29594,12,0.2857142857
1993,3,Norwich City,42,21,9,12,61,65,-4,72,1.452380952,1.547619048,-0.09523809524,1.71,,,,,16253,15,0.3571428571
1993,4,Blackburn,42,20,11,11,68,46,22,71,1.619047619,1.095238095,0.5238095238,1.69,,,,,16247,16,0.380952381
1993,5,QPR,42,17,12,13,63,55,8,63,1.5,1.30952381,0.1904761905,1.5,,,,,15001,20,0.4761904762
1993,6,Liverpool,42,16,11,15,62,55,7,59,1.476190476,1.30952381,0.1666666667,1.4,,,,,37009,14,0.3333333333
1993,7,Sheffield Weds,42,15,14,13,55,51,4,59,1.30952381,1.214285714,0.09523809524,1.4,,,,,27264,12,0.2857142857
1993,8,Tottenham,42,16,11,15,60,66,-6,59,1.428571429,1.571428571,-0.1428571429,1.4,,,,,27879,21,0.5
1993,9,Manchester City,42,15,12,15,56,51,5,57,1.333333333,1.214285714,0.119047619,1.36,,,,,24698,16,0.380952381
1993,10,Arsel,42,15,11,16,40,38,2,56,0.9523809524,0.9047619048,0.04761904762,1.33,,,,,24403,15,0.3571428571
1993,11,Chelsea,42,14,14,14,51,54,-3,56,1.214285714,1.285714286,-0.07142857143,1.33,,,,,18754,10,0.2380952381
1993,12,Wimbledon,42,14,12,16,56,55,1,54,1.333333333,1.30952381,0.02380952381,1.29,,,,,8405,19,0.4523809524
1993,13,Everton,42,15,8,19,53,55,-2,53,1.261904762,1.30952381,-0.04761904762,1.26,,,,,20457,12,0.2857142857
1993,14,Sheffield Utd,42,14,10,18,54,53,1,52,1.285714286,1.261904762,0.02380952381,1.24,,,,,18799,14,0.3333333333
1993,15,Coventry City,42,13,13,16,52,57,-5,52,1.238095238,1.357142857,-0.119047619,1.24,,,,,15504,17,0.4047619048
1993,16,Ipswich Town,42,12,16,14,50,55,-5,52,1.19047619,1.30952381,-0.119047619,1.24,,,,,18185,10,0.2380952381
1993,17,Leeds United,42,12,15,15,57,62,-5,51,1.357142857,1.476190476,-0.119047619,1.21,,,,,29229,13,0.3095238095
1993,18,Southampton,42,13,11,18,54,61,-7,50,1.285714286,1.452380952,-0.1666666667,1.19,,,,,15382,15,0.3571428571
1993,19,Oldham Athletic,42,13,10,19,63,74,-11,49,1.5,1.761904762,-0.2619047619,1.17,,,,,12862,12,0.2857142857
1993,20,Crystal Palace,42,11,16,15,48,61,-13,49,1.142857143,1.452380952,-0.3095238095,1.17,,,,,15726,15,0.3571428571
1993,21,Middlesbrough,42,11,11,20,54,75,-21,44,1.285714286,1.785714286,-0.5,1.05,,,,,16522,13,0.3095238095
1993,22,Nott'ham Forest,42,10,10,22,41,62,-21,40,0.9761904762,1.476190476,-0.5,0.95,,,,,21910,10,0.2380952381